RA_ICRS,DE_ICRS,Source,GLON,GLAT,plx,Gmag,BP-RP
132.9465287,11.35387672,5.99E+17,216.2314648,31.81658299,1.2339,17.438314,2.049427
132.8012996,11.31075458,5.99E+17,216.206608,31.66930848,1.1585,13.923045,0.782881
132.9514771,11.30215877,5.99E+17,216.2890251,31.79910394,1.1421,14.430771,0.861522
132.8908347,11.38082904,5.99E+17,216.1755746,31.77848678,1.1938,12.622926,0.733996
132.7945581,11.31711131,5.99E+17,216.1965551,31.66600698,1.1271,17.276985,1.737898
132.9508988,11.33274849,5.99E+17,216.2561284,31.81153191,1.1615,15.423194,1.074598
132.579317,11.53827006,5.99E+17,215.8565754,31.56802125,1.174,16.222946,1.328331
132.4391865,11.64676284,5.99E+17,215.6733993,31.48905295,1.1562,15.547459,1.102338
132.3537579,11.73489911,5.99E+17,215.5384612,31.45005999,1.1766,11.790519,1.179466
132.3701822,11.66892792,5.99E+17,215.6165682,31.43700891,1.1748,15.229555,1.108856
132.5387224,11.59497961,5.99E+17,215.776564,31.55578557,1.1905,16.987318,1.618074
132.6825763,11.3126396,5.99E+17,216.1467844,31.56461273,1.2446,15.894176,1.288159
132.4874916,11.56507389,5.99E+17,215.7836477,31.4976759,1.058,15.072383,0.983085
132.503466,11.70271874,5.99E+17,215.6447877,31.56966908,1.1573,14.034753,0.800808
132.4691639,11.75978191,5.99E+17,215.567461,31.5630835,1.1943,15.650559,1.132288
132.5856566,11.49674939,5.99E+17,215.9038452,31.55617698,1.054,15.396214,1.076308
132.4370543,11.69893113,5.99E+17,215.6168316,31.50904105,1.0432,15.325155,1.078648
132.4628199,11.5802029,5.99E+17,215.755634,31.48210544,1.0056,17.110283,1.747181
132.4286597,11.71909916,5.99E+17,215.5913126,31.51003169,1.1143,12.567836,0.749397
132.7300203,11.52070435,5.99E+17,215.9482888,31.69457126,1.1428,14.011778,0.797163
132.7406513,11.43975847,5.99E+17,216.0397102,31.66990619,1.0157,17.647833,1.84267
132.6927225,11.33983284,5.99E+17,216.1227949,31.58512453,1.0891,14.997607,1.00344
132.5375323,11.55722179,5.99E+17,215.8161889,31.53885378,1.1044,14.061209,0.773249
132.4340912,11.4859404,5.99E+17,215.8419913,31.41691123,1.1217,13.371643,0.732743
132.5037716,11.44670328,5.99E+17,215.9174218,31.46231238,1.2118,16.570723,1.695378
132.3131184,11.73743251,5.99E+17,215.5162332,31.41498954,1.0995,14.053956,0.795002
132.7210244,11.52225079,5.99E+17,215.9422785,31.68722728,1.1237,13.242332,0.76069
132.8217858,11.43187558,5.99E+17,216.0875437,31.73868151,1.188,15.022562,0.985582
132.8130617,11.44516154,5.99E+17,216.0691384,31.73653394,1.094,13.030944,0.757486
132.851151,11.38812565,5.99E+17,216.1484688,31.74630699,1.1265,13.026408,0.74876
132.4866957,11.69248449,5.99E+17,215.6476105,31.55046917,1.1947,9.403743,1.468799
132.8497502,11.41369726,5.99E+17,216.120527,31.75585961,1.1015,13.160717,0.738852
132.6504135,11.6183206,5.99E+17,215.8056746,31.66487325,1.0992,15.943875,1.23183
132.6208535,11.63591156,5.99E+17,215.7726331,31.64598688,1.0624,13.658506,0.749091
132.7142038,11.44836221,5.99E+17,216.0177014,31.65003115,1.209,16.645105,1.520637
132.3947972,11.7880741,5.99E+17,215.5015601,31.50880898,1.079,14.202843,0.81084
132.7420999,11.47352842,5.99E+17,216.0044316,31.68543242,1.1781,17.073927,1.62438
132.796507,11.4430165,5.99E+17,216.0633782,31.72091763,1.1491,13.723153,0.758015
132.8251507,11.44137434,5.99E+17,216.0790532,31.74567925,1.1301,13.111919,0.749411
132.6239374,11.50348416,5.99E+17,215.9152185,31.5930368,1.2203,17.831123,1.87608
132.6341496,11.53016075,5.99E+17,215.8917546,31.61334451,1.168,15.203735,1.216549
132.5957908,11.62168637,5.99E+17,215.7756858,31.61773415,1.1496,14.868279,0.94918
132.8075095,11.36385539,5.99E+17,216.1530827,31.69727517,1.0541,15.32163,1.043626
132.3022526,11.75868438,5.99E+17,215.4883997,31.41422744,1.0804,17.905973,2.100767
132.6657089,11.50508662,5.99E+17,215.9337535,31.63083709,1.1988,16.636137,1.612265
132.6747362,11.55728869,5.99E+17,215.8825039,31.66083347,1.1399,17.424957,1.855011
132.5484634,11.48183879,5.99E+17,215.9016998,31.51683962,1.2233,17.020472,1.616392
132.7341809,11.47544367,5.99E+17,215.9985468,31.67920204,1.1403,15.741884,1.179548
132.4044149,11.70076316,5.99E+17,215.5991669,31.48079207,1.2513,16.690954,1.548509
132.3890809,11.58836615,5.99E+17,215.7113653,31.41998772,1.1828,16.24823,1.327925
132.551988,11.45456532,5.99E+17,215.9324196,31.50847977,1.2541,14.848789,0.945503
132.4298908,11.7523501,5.99E+17,215.5564875,31.52505566,1.0045,17.614922,1.857538
132.5178687,11.64972342,5.99E+17,215.7081922,31.56024066,1.1355,17.181368,1.950884
132.3923678,11.67633579,5.99E+17,215.6193677,31.45983929,1.0606,16.005287,1.266616
132.3387674,11.74990627,5.99E+17,215.5152826,31.44301726,1.2622,16.76556,1.529651
132.3551417,11.76547509,5.99E+17,215.5065761,31.46409353,1.0789,15.625475,1.126605
132.6753818,11.43983903,5.99E+17,216.007932,31.61193565,1.2,13.429057,0.728879
132.7749577,11.42927973,5.99E+17,216.0675442,31.69597266,1.1546,13.410056,0.758937
132.6139688,11.57862887,5.99E+17,215.830354,31.61579677,1.1302,17.008768,1.729973
132.6329539,11.53067003,5.99E+17,215.8906331,31.61249612,1.2601,17.837914,1.853849
132.6817763,11.49240038,5.99E+17,215.955057,31.63977346,1.1623,15.381919,1.075037
132.6326654,11.5020939,5.99E+17,215.9209277,31.60020855,1.1431,15.399152,1.079772
132.6407538,11.57257827,5.99E+17,215.8497595,31.63706018,1.1395,13.571538,0.756291
132.6449488,11.57454888,5.99E+17,215.8496894,31.64161754,1.2605,16.033808,1.250421
132.5553567,11.62251929,5.99E+17,215.7552666,31.58214208,1.0922,15.719631,1.144
132.6626511,11.50197934,5.99E+17,215.9355813,31.62681074,1.1487,16.01952,1.246571
132.5399376,11.64497595,5.99E+17,215.7238988,31.57786566,1.1496,14.344937,0.832712
133.1172023,11.48440749,6.05E+17,216.1752855,32.02334892,1.0132,17.177279,1.68585
133.0834211,11.46006042,6.05E+17,216.1848483,31.98306187,1.0896,12.250184,1.146099
133.0207655,11.38309965,6.05E+17,216.2364993,31.89489426,1.0844,16.582664,1.717076
133.0854926,11.53409143,6.05E+17,216.1066995,32.01611389,1.2454,16.387688,1.520373
133.1497936,11.62353292,6.05E+17,216.0422479,32.11090033,1.1772,14.841743,0.958832
133.1859697,11.64480461,6.05E+17,216.0370487,32.15199269,1.0238,16.454544,1.409156
133.2508821,11.68123388,6.05E+17,216.029555,32.22498793,1.0979,14.867804,0.964668
133.0376886,11.46710464,6.05E+17,216.1550324,31.94539725,1.1556,13.153452,0.741064
133.3019367,11.62106383,6.05E+17,216.1189489,32.24506294,1.0607,17.255959,1.70661
133.1614018,11.6275557,6.05E+17,216.0435837,32.12290781,1.1406,16.672817,1.526785
133.1281019,11.48490105,6.05E+17,216.1800712,32.03324196,1.0923,14.313306,0.839441
133.1859803,11.43037128,6.05E+17,216.2666383,32.0616554,1.1362,13.768861,0.754162
133.333805,11.72094493,6.05E+17,216.0272604,32.31535709,1.0153,16.875517,1.568577
133.3011784,11.67456347,6.05E+17,216.06118,32.26688239,1.1818,14.514075,0.880238
133.272233,11.57990396,6.05E+17,216.1486089,32.20134597,1.1036,12.499616,0.794888
133.2886122,11.59878203,6.05E+17,216.1363526,32.22384709,1.1107,15.558508,1.308152
132.9520686,11.42710699,6.05E+17,216.1560368,31.85243955,1.117,12.977118,0.760168
133.0456665,11.53033085,6.05E+17,216.0913375,31.979139,1.1865,10.585022,1.305739
133.0613656,11.51870394,6.05E+17,216.1114101,31.98819098,1.1663,12.688679,0.709705
133.239851,11.68398016,6.05E+17,216.0212451,32.21633827,1.1634,17.614906,1.889883
133.0787925,11.39710541,6.05E+17,216.2498608,31.9523691,1.1126,14.932117,0.939734
133.1811207,11.61050595,6.05E+17,216.0714417,32.13326048,1.1117,15.037209,0.964382
133.1634549,11.62887746,6.05E+17,216.0431661,32.12528819,1.1491,17.586397,2.112036
132.952232,11.46033149,6.05E+17,216.1206515,31.86660395,1.1694,17.354807,1.949434
132.9814092,11.40284893,6.05E+17,216.1962246,31.86826829,1.138,13.152819,0.740482
132.9878431,12.19771476,6.05E+17,215.3478411,32.2068602,1.0433,16.373165,1.383334
132.542325,11.95348768,6.05E+17,215.3959104,31.70908244,1.2839,16.820393,1.548463
133.1282102,12.07135843,6.05E+17,215.5511738,32.27912372,1.1397,13.074937,0.76813
132.819706,11.58127892,6.05E+17,215.9271562,31.7997727,1.2224,16.056515,1.269531
132.4859218,11.94812145,6.05E+17,215.3745966,31.65669216,1.1562,13.140254,0.743538
133.0175703,11.60003821,6.05E+17,216.0031323,31.98351325,1.1452,15.846274,1.415438
132.7860572,12.1456594,6.05E+17,215.3070223,32.00580861,1.1535,17.076534,1.654993
132.4422994,12.0583562,6.05E+17,215.2359774,31.66382309,1.1472,15.337502,1.058691
132.7226326,11.74295307,6.05E+17,215.7075635,31.78136635,1.1284,13.460049,0.823274
132.4922146,11.89564149,6.05E+17,215.4336383,31.64038678,1.2097,17.536242,1.952181
132.8394949,11.55202278,6.05E+17,215.9679831,31.80505085,1.1574,15.349098,1.265666
132.6879294,11.60066353,6.05E+17,215.8426481,31.69079938,1.1576,15.369655,1.27966
132.7320023,11.87073453,6.05E+17,215.5755131,31.84317487,1.043,11.835183,0.772737
132.6168462,11.91403865,6.05E+17,215.4738343,31.75888107,1.1337,14.034624,0.821164
132.7325359,11.76486741,6.05E+17,215.688933,31.79935184,1.1978,17.914791,1.978655
132.5881136,11.97690964,6.05E+17,215.3928413,31.75956275,1.2423,15.258778,1.121573
132.7460386,11.81668846,6.05E+17,215.6400633,31.83305141,1.051,16.074507,
133.1422134,12.07476757,6.05E+17,215.5542528,32.29299303,1.0335,13.122708,0.757096
132.8383813,11.76464341,6.05E+17,215.7402769,31.89334805,1.1434,12.121811,0.758278
132.899994,11.77598933,6.05E+17,215.7579124,31.95286986,1.1492,12.52575,0.895075
132.6541058,11.90128693,6.05E+17,215.50537,31.78668416,1.1252,14.238853,1.025257
132.8590488,11.89776118,6.05E+17,215.6077875,31.96741686,1.1579,10.202436,1.238349
132.7533077,11.81465369,6.05E+17,215.6457432,31.83866214,1.1164,14.466602,0.868252
132.4635247,12.16499218,6.05E+17,215.1321222,31.72701683,1.2647,16.852482,1.547796
133.1304812,12.11359576,6.05E+17,215.506838,32.2987241,1.2449,15.416556,1.084013
132.8217918,11.58689796,6.05E+17,215.922169,31.80398982,1.2182,16.503166,1.435098
132.8285305,11.58823716,6.05E+17,215.9240061,31.81054221,1.1691,15.904092,1.215483
132.5889969,11.9858063,6.05E+17,215.3837537,31.76405671,1.1759,14.868432,0.943746
132.9322483,11.75411513,6.05E+17,215.7969192,31.97237412,1.15,12.973808,0.725019
132.778976,11.69694082,6.05E+17,215.7839291,31.81215725,1.0666,15.338019,1.175543
132.8645095,11.88400979,6.05E+17,215.6251459,31.96652515,1.1395,14.032816,0.816002
132.6459333,11.89845983,6.05E+17,215.504463,31.77823734,1.1848,16.588291,1.524058
132.8099322,12.13819553,6.05E+17,215.3264684,32.02393706,1.0423,17.267881,1.689652
132.5607757,12.02912761,6.05E+17,215.3239096,31.75701091,1.2044,17.731123,1.888132
132.8355791,11.76801114,6.05E+17,215.7353216,31.89226813,1.0608,13.056709,0.760521
132.4381472,12.0408504,6.05E+17,215.2526929,31.65284574,1.0921,13.401847,0.725181
132.8746742,11.98397093,6.05E+17,215.5229426,32.01729468,1.111,17.722101,2.074072
132.9919042,12.01655432,6.05E+17,215.544414,32.1351058,1.1229,13.651166,0.771914
132.8822497,11.75243704,6.05E+17,215.7745345,31.92722776,1.1203,15.275631,1.049826
132.7484653,12.14104459,6.05E+17,215.2939665,31.97046335,1.2339,17.485973,1.788771
132.7527912,11.67813838,6.05E+17,215.7913502,31.78099233,1.0805,15.154915,1.018312
132.8463885,11.90138445,6.05E+17,215.5978068,31.95767531,1.1518,14.026506,0.807715
132.8642066,11.89070532,6.05E+17,215.6178297,31.96905399,1.0246,12.618932,0.75581
132.8050935,12.12473209,6.05E+17,215.3385915,32.01403813,1.096,17.935896,2.227778
132.6301577,11.89104022,6.05E+17,215.5048089,31.76111251,1.25,16.713387,1.490806
132.8338013,11.77825305,6.05E+17,215.7235093,31.89497817,1.1485,12.637296,0.737584
132.8406526,11.734734,6.05E+17,215.773357,31.88283143,1.1054,14.020125,0.86323
132.6600386,12.12214218,6.05E+17,215.2718909,31.88397513,1.1471,13.53776,0.74395
132.8566458,11.88772454,6.05E+17,215.6173774,31.96108675,1.1137,15.347024,1.061306
132.9377731,11.79609091,6.05E+17,215.7546556,31.9948717,1.1619,11.217561,1.218514
132.5512069,11.85679199,6.05E+17,215.5034387,31.67660855,1.1391,8.217174,1.811554
133.0936665,12.10393431,6.05E+17,215.499514,32.2619725,1.0408,15.411786,1.08008
132.8279635,11.93046817,6.05E+17,215.5577872,31.95344091,1.1653,13.992372,0.797156
133.1484611,11.98116483,6.05E+17,215.6578973,32.25952887,1.1081,13.290305,0.792408
132.8327273,11.7842445,6.05E+17,215.7165824,31.89653281,1.0352,15.996343,1.146119
132.8470312,11.79639514,6.05E+17,215.7104917,31.91433634,1.1837,16.0966,1.278737
132.8801052,11.76405803,6.05E+17,215.7610657,31.93019165,1.0464,12.48864,0.759913
132.7554195,11.69966405,6.05E+17,215.7696339,31.79236059,1.1077,13.370065,0.733651
132.8177981,11.74247063,6.05E+17,215.7540396,31.8657593,1.2287,13.313775,0.772598
132.770471,11.87392217,6.05E+17,215.5906289,31.87870718,1.1908,13.713055,0.764587
132.8562956,11.87744129,6.05E+17,215.6282196,31.95647756,1.1134,13.134106,0.773084
132.8386874,11.90402114,6.05E+17,215.5912732,31.95193034,1.1077,15.93848,1.274113
132.6613288,12.11515483,6.05E+17,215.2799927,31.88221801,1.2299,17.676336,1.838774
132.7700645,11.76578831,6.05E+17,215.7060612,31.8330987,1.1551,13.37482,0.785391
132.5443918,11.87636861,6.05E+17,215.4792646,31.67872933,1.1853,16.251245,1.350477
132.8872302,11.91318253,6.05E+17,215.6048498,31.99891286,1.1319,15.527107,1.125056
132.7375587,11.98773499,6.05E+17,215.4529929,31.89695452,1.1604,12.979527,0.765189
132.8511989,11.79121066,6.05E+17,215.7180508,31.91587025,1.1019,14.766586,0.924682
132.7616959,11.88192334,6.05E+17,215.577843,31.87424966,1.0613,16.353136,1.382264
132.9955081,11.99889682,6.05E+17,215.5651025,32.13094815,1.1598,15.398789,1.083415
132.7250559,12.01026229,6.05E+17,215.4228699,31.8952272,1.1254,15.086896,1.014134
132.9857226,11.79026594,6.05E+17,215.7840788,32.03505417,1.1701,14.235974,0.825751
132.883544,11.91905484,6.05E+17,215.5967819,31.99808839,1.1948,13.513359,0.814085
132.885692,11.84460751,6.05E+17,215.6775541,31.96888116,1.0916,12.195539,0.34056
132.855387,12.04901357,6.05E+17,215.4439338,32.02725235,1.153,13.397231,1.29712
132.7266493,12.0091428,6.05E+17,215.4248335,31.89617744,1.1775,15.895231,1.349193
132.9792595,11.68064325,6.05E+17,215.8983097,31.98333738,1.1475,13.884224,0.892223
132.8293081,11.67102706,6.05E+17,215.8359601,31.84602034,1.1746,13.588771,0.747504
132.9694984,12.05219214,6.05E+17,215.4953747,32.13003438,1.2279,17.972006,1.984774
132.5949677,12.22697865,6.05E+17,215.1284806,31.86963145,1.097,14.053577,0.804563
132.7833021,11.83217834,6.05E+17,215.6414654,31.87265927,1.1919,15.246571,1.117571
132.7458859,11.80808897,6.05E+17,215.6491825,31.82931695,1.0457,15.873724,1.245377
132.4390038,11.91844566,6.05E+17,215.3837795,31.60259314,1.2502,16.34334,1.370694
132.8983602,11.5297634,6.05E+17,216.0203251,31.84799404,1.278,14.788919,0.941307
132.8821402,11.91581365,6.05E+17,215.599578,31.99548671,1.2508,16.854538,1.558981
132.7848926,11.83549486,6.05E+17,215.6386849,31.87546059,1.1165,13.444508,0.756983
132.8992736,11.81430915,6.05E+17,215.7165489,31.96827635,1.1356,13.476131,0.763116
132.7686554,11.86276735,6.05E+17,215.6016874,31.8724304,1.0307,13.883287,0.869372
132.7624215,11.87379849,6.05E+17,215.5868842,31.87149924,1.0816,14.808446,0.945863
133.0686856,11.79393925,6.05E+17,215.8202892,32.11033633,1.1984,14.706937,0.915992
132.8868103,11.89575314,6.05E+17,215.6233193,31.99125812,1.0875,14.980849,0.982609
132.8580888,11.81914474,6.05E+17,215.6914879,31.93368921,1.0358,13.106456,0.753041
132.6925025,12.08221873,6.05E+17,215.3301995,31.89624137,1.0472,15.730328,1.176662
132.9042944,12.0235594,6.05E+17,215.4947407,32.06013319,1.125,17.986334,2.010338
132.8211992,11.80447952,6.05E+17,215.6893733,31.89475756,1.1358,9.917629,1.412382
132.7771924,11.5996915,6.05E+17,215.886901,31.76972971,1.1054,14.400474,0.850749
132.874663,11.58642306,6.05E+17,215.9483147,31.85078014,1.1199,12.589792,0.757278
132.9518953,11.70635052,6.05E+17,215.8575437,31.96980588,1.1393,13.89782,0.784396
132.840032,11.81736127,6.05E+17,215.6846812,31.91689104,1.1894,15.01268,0.984475
132.7316664,12.01228222,6.05E+17,215.4238805,31.90194659,1.1163,15.266065,1.046756
132.8494087,11.64780894,6.05E+17,215.870499,31.8541365,1.1477,14.382391,0.85752
132.7613909,12.15108613,6.05E+17,215.2893883,31.98612944,1.1077,16.14014,1.315428
132.7436768,11.9942932,6.05E+17,215.4489099,31.90512828,1.1699,14.085518,0.836924
132.7564492,11.79726631,6.05E+17,215.6658456,31.83417737,1.1118,13.370718,0.782111
132.753085,12.16231548,6.05E+17,215.2733688,31.98340815,1.0263,16.382757,1.383783
132.6820738,11.75740594,6.05E+17,215.6725587,31.75136712,1.074,16.169441,1.305187
132.7682373,12.14014619,6.05E+17,215.3043993,31.98767181,1.0949,13.15455,0.776587
132.7422755,11.87286864,6.05E+17,215.5781773,31.85320012,1.1016,12.626286,1.135196
132.877226,11.6027631,6.05E+17,215.9321041,31.85992964,1.0158,15.882144,1.225628
132.8550118,11.63782005,6.05E+17,215.8838851,31.85492035,1.1395,15.026713,0.986539
132.8829071,11.89245443,6.05E+17,215.624971,31.98640976,1.1266,15.228776,1.042822
132.7895631,11.69582864,6.05E+17,215.7902359,31.82110139,1.0848,12.614074,0.932863
132.9394691,11.9647203,6.05E+17,215.574776,32.06687082,1.0034,16.433104,1.670983
133.092549,11.8174908,6.05E+17,215.8065877,32.14141141,1.2405,14.718059,0.970868
132.8699647,11.8666481,6.05E+17,215.6463674,31.96411734,1.1613,12.510128,0.862489
132.986974,12.1051649,6.05E+17,215.4468885,32.16762278,1.0593,17.881887,1.914946
132.8365823,11.66113976,6.05E+17,215.8500451,31.84833458,1.0817,13.553627,0.760314
132.7467509,11.77026599,6.05E+17,215.6900239,31.81424968,1.2048,13.31012,0.805364
132.7886753,11.55916032,6.05E+17,215.9357167,31.76288849,1.1824,14.639697,0.890769
132.7739373,11.72970156,6.05E+17,215.7464946,31.82141803,1.0888,13.88626,0.881679
132.7945761,11.89071297,6.05E+17,215.5842722,31.90715412,1.0871,16.22515,1.337414
132.7584924,11.75529778,6.05E+17,215.7116858,31.81841665,1.081,14.800416,0.937436
132.6293218,11.85452468,6.05E+17,215.5434213,31.74511108,1.1621,16.497261,1.409833
132.728109,11.58855506,6.05E+17,215.8750112,31.72142177,1.1923,16.562675,1.459481
132.9591288,11.76857612,6.05E+17,215.7944426,32.00232819,1.0919,10.511037,1.110677
132.8081786,11.8580792,6.05E+17,215.6257491,31.90560695,1.1538,17.49175,2.032717
132.743503,11.80184564,6.05E+17,215.654707,31.82458546,1.215,15.483356,1.109069
132.8602913,11.64356911,6.05E+17,215.8803003,31.86202803,1.0992,13.548698,0.747033
132.7927516,12.02542399,6.05E+17,215.4391351,31.96173544,1.1415,15.829375,1.186074
133.1713156,12.02577431,6.05E+17,215.6209703,32.29845242,1.2749,16.008198,1.25699
132.8096974,11.68588328,6.05E+17,215.8105986,31.83482502,1.1123,14.342463,0.831848
132.8695213,11.80059616,6.05E+17,215.7168571,31.93608758,1.1311,13.641905,0.856688
132.8934826,11.63260993,6.05E+17,215.9080952,31.88692401,1.1767,13.05427,0.752635
132.8839423,11.60347459,6.05E+17,215.9346011,31.86619809,1.1213,13.164083,0.753982
132.8159672,11.6750781,6.05E+17,215.8251759,31.83586288,1.0487,14.626804,0.897189
132.7635204,11.76315706,6.05E+17,215.7057143,31.82617903,1.1768,12.517296,0.796431
132.9264493,11.53529923,6.05E+17,216.0280596,31.87528781,1.1481,13.066247,0.747868
132.8977644,11.57558953,6.05E+17,215.9710951,31.86675412,1.0662,14.508287,0.88093
132.9715672,12.05888351,6.05E+17,215.4891858,32.13466045,1.0991,13.769535,0.778838
132.8222306,11.78350556,6.05E+17,215.7123042,31.8868925,1.1753,12.952729,0.736473
132.70678,11.58580616,6.05E+17,215.8676159,31.70130838,1.1723,10.959324,1.241214
132.6898634,12.17770674,6.05E+17,215.2266181,31.93357903,1.1248,14.475552,1.016466
132.8055966,11.86114706,6.05E+17,215.6212218,31.90459427,1.1797,13.136882,1.25118
132.8465748,11.65412296,6.05E+17,215.8623804,31.85426961,1.1534,14.752693,0.94094
132.7403248,12.01128091,6.05E+17,215.4291097,31.90922789,1.1472,15.547435,1.115138
132.5898497,11.83975829,6.05E+17,215.540204,31.70384448,1.1029,14.357993,0.841419
132.8011806,11.77257487,6.05E+17,215.7138288,31.86360203,1.058,13.070395,0.782191
132.7263644,12.25946598,6.05E+17,215.15637,31.99995383,1.1147,13.49795,0.740706
132.6442012,12.19967896,6.05E+17,215.1812424,31.90209178,1.1441,15.027397,0.98785
132.6959291,12.17019138,6.05E+17,215.2375753,31.93585272,1.1341,12.509089,0.861114
132.64912,11.62675279,6.05E+17,215.7960586,31.66726578,1.1256,15.06175,1.005899
133.1895489,11.91269335,6.05E+17,215.7513242,32.26745946,1.1799,14.466561,0.862541
132.5505894,11.71471649,6.05E+17,215.6547105,31.61659104,1.0468,14.966264,0.979118
132.8281703,11.85518486,6.05E+17,215.6384843,31.92216935,1.1024,12.811345,1.046161
132.7145902,12.10103037,6.05E+17,215.3206298,31.92370667,1.0007,16.14306,1.396486
133.2477475,11.94729491,6.05E+17,215.7422779,32.3336497,1.0892,15.548522,1.113043
132.8066874,11.85507808,6.05E+17,215.6282416,31.90302638,1.1287,13.474435,0.73408
133.1308437,11.86424927,6.05E+17,215.774951,32.19502034,1.1423,13.578664,0.75596
132.7812724,11.88224731,6.05E+17,215.586924,31.89178921,1.0736,13.744833,0.779264
132.8237958,11.74153093,6.05E+17,215.7579425,31.87069677,1.1166,15.008646,1.176161
132.7903451,11.98601416,6.05E+17,215.4801996,31.94317034,1.1373,13.63032,0.757627
132.7830954,11.98147927,6.05E+17,215.4815721,31.93483357,1.1033,14.585341,0.894079
132.9022033,11.9075747,6.05E+17,215.618075,32.0098817,1.1158,15.000177,1.01364
132.9096697,11.57432221,6.05E+17,215.9782272,31.87680155,1.0702,16.568264,1.47301
132.7741997,11.88630463,6.05E+17,215.5791765,31.8871968,1.1543,14.870339,0.9526
132.7825797,11.99315875,6.05E+17,215.4688149,31.93924479,1.0919,15.540224,1.125493
132.8008675,11.7874536,6.05E+17,215.6977689,31.86955517,1.2304,14.927113,0.99118
132.7007847,12.25013165,6.05E+17,215.1541699,31.97333637,1.1913,17.969896,2.030836
132.700547,12.11874244,6.05E+17,215.2949251,31.91858366,1.135,15.581143,1.343068
133.2298943,11.91688114,6.05E+17,215.7663397,32.30507292,1.1847,16.086836,1.287561
132.7072923,11.90676501,6.05E+17,215.5250882,31.83625913,1.0959,13.875679,0.784207
132.9042369,11.91387618,6.05E+17,215.6123031,32.01432189,1.1445,15.299585,1.063994
133.0326995,11.83053794,6.05E+17,215.7636431,32.09367409,1.1994,13.713814,0.763502
132.3491137,11.91021571,6.05E+17,215.3494809,31.51922979,1.1729,15.329666,1.047579
132.9045909,11.91665303,6.05E+17,215.6094981,32.01579639,1.1363,13.077852,0.761786
132.8409469,11.7215887,6.05E+17,215.787553,31.87758095,1.1395,14.346122,0.843208
132.8663991,11.8366313,6.05E+17,215.6767828,31.94839372,1.1563,14.248149,0.853248
132.8200369,11.7615717,6.05E+17,215.7346997,31.8757543,1.1073,13.979757,0.901062
132.962645,11.74128457,6.05E+17,215.8253614,31.99401369,1.1994,16.667158,1.681917
132.8101065,11.84452269,6.05E+17,215.6411839,31.90165169,1.1485,13.249936,0.758606
132.8853087,11.62365439,6.05E+17,215.9137029,31.87589556,1.0435,17.451479,1.797413
132.8228085,11.75629588,6.05E+17,215.7416797,31.87600739,1.1876,9.25286,1.52839
132.8052091,11.96463312,6.05E+17,215.5102473,31.94746862,1.1571,16.499891,1.41449
132.819526,11.75816246,6.05E+17,215.7380982,31.87387165,1.1566,12.220572,0.936444
132.7859458,11.76993526,6.05E+17,215.7092953,31.84895345,1.0876,13.297099,0.738821
132.9041848,11.61433603,6.05E+17,215.9328128,31.88875532,1.1488,14.612548,1.050587
132.7970758,11.95588531,6.05E+17,215.5157041,31.93658784,1.2404,15.509974,1.103337
132.5008538,11.98265521,6.05E+17,215.3448712,31.68436777,1.2201,17.640053,1.863039
132.7790381,11.99598615,6.05E+17,215.4640846,31.93727459,1.071,16.525898,1.474386
132.8584635,11.83208105,6.05E+17,215.6778238,31.93943556,1.143,14.548372,0.928954
132.849012,11.83035976,6.05E+17,215.6751052,31.93031326,1.0536,11.231259,1.073538
132.9136422,11.79536987,6.05E+17,215.743765,31.97311947,1.1623,16.785778,1.533519
132.7382916,12.09344695,6.05E+17,215.3401135,31.94162812,1.0899,13.833863,0.777636
132.8440558,11.68279301,6.05E+17,215.8305248,31.86406774,1.2669,16.979496,1.584578
132.8004887,11.91122023,6.05E+17,215.5651691,31.92097715,1.1207,15.068447,0.981937
132.7262006,11.9208982,6.05E+17,215.5190644,31.85897147,1.1776,14.832597,1.076834
132.9006035,11.648967,6.05E+17,215.8940638,31.9001253,1.1049,13.787212,0.782198
132.6930759,11.90861801,6.05E+17,215.5162693,31.82439337,1.097,13.488307,0.82368
132.9134147,11.83438968,6.05E+17,215.7018775,31.98925071,1.2439,12.115862,0.746146
132.8011642,11.90637916,6.05E+17,215.5706766,31.91955575,1.1463,14.016836,0.814898
132.8102275,11.74350603,6.05E+17,215.7492747,31.85946366,1.2154,15.091749,0.987851
133.0585941,12.21228313,6.05E+17,215.3661131,32.27581941,1.1416,13.592731,0.751007
132.9263729,11.8354549,6.05E+17,215.706994,32.00121563,1.2118,11.352391,1.217585
132.7912677,11.77136387,6.05E+17,215.7103374,31.85428282,1.1306,14.392676,0.87645
132.8707306,11.85384857,6.05E+17,215.6604412,31.95944608,1.0944,17.078728,1.635908
132.9564797,11.53263903,6.05E+17,216.0454953,31.90085501,1.1783,15.591056,1.127917
132.9069991,11.61770253,6.05E+17,215.9305801,31.89267181,1.2888,12.233233,0.543013
132.3943572,11.85712643,6.05E+17,215.4277635,31.53729045,1.0762,9.089436,1.493635
132.7272478,12.16761938,6.05E+17,215.2553156,31.96263521,1.0535,16.84378,1.563252
132.877352,11.82032942,6.05E+17,215.699519,31.9513091,1.1607,12.554881,0.776466
132.7151638,11.91789087,6.05E+17,215.5169736,31.84790323,1.1968,16.953798,1.601776
132.654875,12.02297948,6.05E+17,215.3755844,31.83812311,1.0549,15.826992,1.195908
132.7111624,11.92538602,6.05E+17,215.5070317,31.84747475,1.2218,15.884307,1.221144
132.7837663,12.01846942,6.05E+17,215.4422711,31.95084872,1.1132,13.471792,0.78532
132.5644824,12.15443699,6.05E+17,215.191617,31.81241733,1.173,16.799816,1.528965
132.7767809,11.79184139,6.05E+17,215.6814534,31.84998044,1.2378,16.08879,1.28392
132.8102161,11.74470949,6.05E+17,215.7479827,31.85995797,1.1279,15.482388,1.081726
132.821215,11.86804295,6.05E+17,215.6213699,31.92136209,1.0179,16.97982,1.670919
132.7695349,12.07200604,6.05E+17,215.3780725,31.96048851,1.1506,13.417308,0.752459
132.8773211,11.81521169,6.05E+17,215.7049818,31.94913959,1.1192,13.167013,0.797591
132.8272065,11.82263072,6.05E+17,215.6728544,31.9076948,1.1695,12.504985,0.791944
132.8667962,11.70967207,6.05E+17,215.8127964,31.89555942,1.0784,17.870253,2.083349
133.0322424,12.20228858,6.05E+17,215.3642213,32.24823866,1.222,16.148342,1.314802
132.7333135,11.89775954,6.05E+17,215.5472395,31.85563255,1.1025,13.514961,0.750299
132.4539603,11.80688489,6.05E+17,215.5099421,31.56928019,1.0741,15.149161,1.207684
132.8038018,11.89783431,6.05E+17,215.5810933,31.9183313,1.1006,15.323162,1.051054
132.8360526,11.75702412,6.05E+17,215.7472998,31.8880854,0.9986,15.52001,1.274697
132.9383653,11.94869551,6.05E+17,215.5914279,32.05920172,1.1428,13.441981,0.741394
132.8109477,11.81404093,6.05E+17,215.674199,31.88964646,1.0396,16.924109,1.567833
133.0803682,11.60954208,6.05E+17,216.0234766,32.0433191,1.0933,16.252703,1.340536
132.9257827,11.60228324,6.05E+17,215.9561703,31.90288303,1.2827,17.528156,1.786474
132.8356741,11.77121213,6.05E+17,215.7319441,31.89369353,1.2055,12.796559,0.609259
132.7877069,12.05060184,6.05E+17,215.4097318,31.96773637,1.1375,13.579893,0.750126
132.7943996,11.90948509,6.05E+17,215.5640949,31.91483898,1.2279,16.010353,1.268796
133.0021356,11.87476088,6.05E+17,215.7014624,32.08500528,1.1966,15.06096,0.984512
132.6736262,11.90904612,6.05E+17,215.5064595,31.80727967,1.1506,16.795275,1.512474
133.2051367,11.86896196,6.05E+17,215.805846,32.26302939,1.2307,13.361649,0.745099
132.7188361,12.14908794,6.05E+17,215.271158,31.94745779,1.0707,15.271369,1.025291
132.8278152,11.7840758,6.05E+17,215.7143909,31.89209567,1.2109,12.372067,1.013721
132.9328157,11.94513411,6.05E+17,215.5925723,32.05278138,1.1547,10.230365,1.256725
132.8707475,11.84252226,6.05E+17,215.672575,31.95472377,1.2021,10.233725,1.26936
132.7208524,11.73401662,6.05E+17,215.7162487,31.77603836,1.0569,17.460045,1.778952
132.7646803,11.86122555,6.05E+17,215.6014216,31.8682519,1.1629,16.718943,1.526012
132.9579544,11.55513504,6.05E+17,216.0221759,31.91163779,1.1682,12.581479,0.744027
133.1098378,11.69102131,6.05E+17,215.9505368,32.10374948,1.2454,12.258823,1.13265
132.6366277,12.08577427,6.05E+17,215.2996285,31.84803554,1.0153,16.511122,1.615736
132.8857617,11.81445978,6.05E+17,215.7098623,31.95632812,1.2342,11.032255,0.290251
132.7413482,12.10551987,6.05E+17,215.3286396,31.94936724,1.2177,17.23161,1.693367
133.0773445,11.74064654,6.05E+17,215.8816028,32.09569471,1.1925,10.144121,1.238836
132.8346605,11.76456537,6.05E+17,215.7385628,31.8900079,1.1116,13.024863,0.751064
132.8802221,11.83085742,6.05E+17,215.6896349,31.95826608,1.1427,16.132605,1.537443
132.9726683,11.64239157,6.05E+17,215.9360351,31.96141266,1.1317,12.550316,0.75906
132.883074,11.88658654,6.05E+17,215.6313366,31.98410594,1.1766,12.952826,0.743105
132.9247207,11.72699242,6.05E+17,215.8223009,31.95431123,1.1353,12.577145,0.749269
133.0334865,12.26573163,6.05E+17,215.296554,32.27566685,1.1442,16.505993,1.436798
132.9540269,11.72773876,6.05E+17,215.8356881,31.98067302,1.1993,15.092486,1.008287
132.8142787,11.86609815,6.05E+17,215.6201081,31.91438262,1.1043,14.837015,0.936858
132.8799373,11.88832129,6.05E+17,215.6279663,31.98204243,1.1358,13.580353,0.770648
132.8600852,11.73074941,6.05E+17,215.7870132,31.89843417,1.1676,11.25281,0.147577
132.9744827,11.65133726,6.05E+17,215.9273466,31.9667838,1.1122,14.363065,0.845632
132.8013577,11.88213057,6.05E+17,215.5967239,31.90959691,1.2523,15.987879,1.512042
132.8028401,11.87844519,6.05E+17,215.6013822,31.90937454,1.1929,10.219055,1.250127
132.8884868,11.99476713,6.05E+17,215.518014,32.03407721,1.1133,13.664985,0.820933
132.9701384,11.58275417,6.05E+17,215.9985758,31.93408903,1.1373,14.783168,1.016766
132.7611762,12.11102058,6.05E+17,215.3322453,31.96928586,1.1644,16.704493,1.521699
132.8114521,11.78999358,6.05E+17,215.700162,31.88002796,1.1458,12.695208,0.742467
132.9274642,11.61369694,6.05E+17,215.9447874,31.90917656,1.1155,16.356857,1.36236
132.8856783,11.80669071,6.05E+17,215.7181377,31.95300171,1.1155,14.027974,0.803229
132.7984609,11.81404129,6.05E+17,215.6681744,31.87854624,1.1436,13.64413,0.773459
132.4378441,11.92167084,6.05E+17,215.3797823,31.60290782,1.2071,17.608957,1.854836
132.8428147,11.73582665,6.05E+17,215.7732339,31.88521139,1.1406,16.05737,1.275
132.9293977,11.60800422,6.05E+17,215.95181,31.90850154,1.1449,13.996099,0.913632
132.8982937,11.65893934,6.05E+17,215.8822845,31.90226095,1.0652,16.671192,1.492937
132.7841936,11.92663291,6.05E+17,215.5408266,31.91292566,1.1525,15.523563,1.112178
132.8000564,11.80741505,6.05E+17,215.676031,31.87719121,1.1154,14.704531,0.907276
132.957361,11.66622954,6.05E+17,215.9031147,31.95782171,1.1194,14.429008,1.021743
133.0212144,11.88593924,6.05E+17,215.6986898,32.10663885,1.1036,17.897476,1.926655
132.9051611,11.78213798,6.05E+17,215.7538295,31.96003858,1.0921,13.860954,0.825378
132.8222928,11.76755375,6.05E+17,215.7293929,31.8802659,1.1156,13.790198,0.774545
132.8413773,11.88580269,6.05E+17,215.6120763,31.94670971,1.1956,15.086282,1.002845
133.0521594,11.87593097,6.05E+17,215.7243731,32.12996267,1.0323,13.938669,0.899027
132.839113,11.73356775,6.05E+17,215.7738596,31.88097392,1.2605,16.641779,1.465111
132.8921205,11.7821516,6.05E+17,215.7475126,31.94845243,1.1135,14.041669,0.806494
132.8602046,11.71087331,6.05E+17,215.8083231,31.89020436,1.0798,16.268707,1.327797
132.6527485,11.81535412,6.05E+17,215.5965384,31.74955729,1.0819,12.915257,0.786579
132.9414892,11.73592239,6.05E+17,215.8208609,31.97296085,1.1166,13.254741,0.738743
132.9147072,11.75036749,6.05E+17,215.7924448,31.95521129,1.1761,15.125658,1.012053
132.9065277,11.94570548,6.05E+17,215.5792949,32.02964892,1.0754,14.271758,0.851677
133.0797793,11.86440754,6.05E+17,215.7500848,32.14969529,1.271,17.761267,1.872574
132.8672327,11.82429402,6.05E+17,215.6903905,31.9439726,1.1657,12.682101,0.662598
132.7290622,11.94728499,6.05E+17,215.4922067,31.87252904,1.2668,15.45921,1.298647
132.9264672,11.85639741,6.05E+17,215.6846078,32.01006025,1.2565,10.970538,1.241762
132.843309,11.8581088,6.05E+17,215.6426546,31.93685026,1.1426,13.162636,0.753302
132.8768429,11.81618842,6.05E+17,215.7037055,31.94912335,1.2691,11.813144,1.187643
132.9997017,11.84295233,6.05E+17,215.7343847,32.06953712,1.1556,17.367565,1.937029
132.9711707,11.68156671,6.05E+17,215.8934009,31.97653586,1.1455,13.22327,0.767525
132.6681792,12.04400863,6.05E+17,215.359456,31.85871042,1.1524,13.714667,0.752822
132.8151102,11.84893981,6.05E+17,215.6388703,31.90794737,1.2449,12.783987,1.03065
133.0436219,11.9166755,6.05E+17,215.6765382,32.13940323,1.2703,17.56716,1.973276
132.9105754,11.6661363,6.05E+17,215.8805406,31.91619941,1.2116,17.09779,1.954435
132.9834401,11.65381212,6.05E+17,215.9290436,31.97578457,1.1111,14.458455,0.886338
132.8856854,11.70144361,6.05E+17,215.8307354,31.90889703,1.1015,14.383496,0.995703
132.8739686,11.75182331,6.05E+17,215.7711874,31.9196095,1.025,17.257101,1.689119
132.9797578,11.66115572,6.05E+17,215.9194015,31.97559664,1.1227,14.219932,0.829306
132.9371526,12.13644214,6.05E+17,215.3893651,32.13633134,1.1283,13.572919,0.754278
132.844967,11.80048202,6.05E+17,215.7051227,31.91421251,1.1978,10.165702,1.247888
132.8604625,11.82230575,6.05E+17,215.6892507,31.93712218,1.1514,13.349639,0.761344
132.9462054,11.70826877,6.05E+17,215.8527355,31.96555338,1.1267,15.105302,0.99653
132.7156542,12.00685826,6.05E+17,215.4220012,31.88544924,1.1231,13.311373,0.751332
132.5000566,11.94667908,6.05E+17,215.3829132,31.66865891,1.1771,13.394357,0.744427
132.8199024,11.84415964,6.05E+17,215.646296,31.91020838,1.159,13.03675,0.761087
133.0539132,11.75802951,6.05E+17,215.8516223,32.08215735,1.1329,17.667074,2.112856
132.8722627,11.75766747,6.05E+17,215.7641113,31.92054247,1.1643,12.682125,1.102594
132.8190027,11.90419851,6.05E+17,215.5816015,31.93450405,1.1198,13.414996,0.790013
132.8300581,11.82342901,6.05E+17,215.6733761,31.91056383,1.1084,13.730865,0.762071
132.6194878,11.89167453,6.05E+17,215.4990022,31.7518909,1.2556,16.380516,1.425693
132.842201,11.80775222,6.05E+17,215.6960092,31.91479723,1.0839,15.455043,1.143321
132.9442896,11.71242348,6.05E+17,215.8473624,31.96559371,1.1321,16.3646,1.510033
132.9917916,11.97292708,6.05E+17,215.5911815,32.11681165,1.0551,16.668396,1.785157
132.4857168,11.89542663,6.05E+17,215.4307493,31.6345196,1.209,17.540033,1.960983
132.8612665,11.93670218,6.05E+17,215.5671443,31.98565146,1.1844,15.474914,1.367652
132.7430607,11.97077638,6.05E+17,215.4737914,31.89477495,1.1487,14.350588,0.843278
132.8848058,11.73947327,6.05E+17,215.789638,31.9240656,1.0575,17.278969,1.699009
132.8877371,11.85444774,6.05E+17,215.6680046,31.97481501,1.2219,15.036922,1.02769
132.8339398,11.87999157,6.05E+17,215.6147131,31.93766905,1.1288,13.733815,0.760135
132.8840971,11.78200444,6.05E+17,215.743793,31.94125865,1.1035,15.94275,1.282602
132.8319931,11.86963937,6.05E+17,215.6248565,31.93161127,1.1695,13.758701,0.827196
132.983835,11.65114271,6.05E+17,215.9320909,31.9750141,1.1337,14.027713,0.810453
132.7280305,11.85259184,6.05E+17,215.5930007,31.8320596,1.0874,13.405249,0.738553
132.6053565,12.07755519,6.05E+17,215.2934539,31.8168092,1.1017,16.925674,1.662851
132.8104103,12.0690698,6.05E+17,215.4008324,31.99561158,1.1642,14.863969,0.951916
132.9363648,11.77944464,6.05E+17,215.771797,31.98664743,1.2234,12.739367,1.089914
132.8202131,11.82741781,6.05E+17,215.6643589,31.90348094,1.0944,15.783188,1.423977
132.8504424,11.78592867,6.05E+17,215.7233361,31.91298573,1.1194,13.330969,0.866268
132.9575222,11.7191005,6.05E+17,215.8466252,31.98015651,1.2159,17.829285,1.889116
132.9505283,11.99201449,6.05E+17,215.5508265,32.08808865,1.0465,14.931334,1.045432
132.9153743,12.20301743,6.05E+17,215.3074009,32.14462159,1.1557,15.341208,1.096749
132.9030163,11.83306579,6.05E+17,215.6982745,31.97945316,1.084,15.315637,1.055421
132.541393,11.99830787,6.05E+17,215.3475705,31.726938,1.1616,13.792916,0.776811
132.9364143,11.75035053,6.05E+17,215.8029638,31.97449916,1.1399,13.234579,0.736056
132.7602222,11.92282477,6.05E+17,215.5333684,31.89002355,1.0355,15.531122,1.130744
132.6775318,12.05278491,6.05E+17,215.354544,31.87068041,1.1385,13.236756,0.726348
132.8961568,11.71298842,6.05E+17,215.8234573,31.92304808,1.1526,16.632969,1.532086
132.7764913,11.90521439,6.05E+17,215.5600446,31.89713388,1.0558,17.450184,2.244869
132.8418314,11.77804533,6.05E+17,215.7276098,31.90202932,1.1758,13.062797,0.756186
132.9522939,11.7253469,6.05E+17,215.8374088,31.97812948,1.2098,16.735548,1.544438
132.8298742,11.79851186,6.05E+17,215.699944,31.89997091,1.1192,13.548604,0.769856
132.7566345,11.93785873,6.05E+17,215.5155524,31.89310957,1.1647,14.756734,0.948193
132.88294,11.8546158,6.05E+17,215.6655101,31.97062081,1.1496,13.864686,0.808342
132.9613931,11.88959749,6.05E+17,215.6658887,32.05498909,1.1928,16.337078,1.404673
132.933316,11.77346991,6.05E+17,215.7767188,31.98143422,1.119,12.601736,0.922346
133.0559058,11.76701217,6.05E+17,215.8429619,32.08769379,1.1271,13.332875,0.653061
132.9015922,11.82606669,6.05E+17,215.7050809,31.97525835,1.0453,16.707342,1.770214
132.9324039,11.64630535,6.05E+17,215.9123234,31.92727105,1.1528,17.853287,2.072819
132.9228468,11.7933678,6.05E+17,215.7503566,31.98046311,1.132,13.957067,0.814796
132.818608,11.81670487,6.05E+17,215.6750453,31.89757111,1.0254,17.362926,1.737263
132.8027754,11.84293987,6.05E+17,215.6393427,31.8944724,1.1804,13.499855,0.757929
132.8706074,11.87013702,6.05E+17,215.6429415,31.96614738,1.1332,14.776587,1.01439
132.8748007,11.8525041,6.05E+17,215.6638442,31.96250206,1.14,13.957524,0.805885
132.9534454,11.94755493,6.05E+17,215.599918,32.07213221,1.135,12.666274,1.125289
132.5193931,11.86856223,6.05E+17,215.4755892,31.65324135,1.1832,16.664183,1.463076
132.8883914,11.81425014,6.05E+17,215.7113566,31.95857802,1.1904,12.570298,0.773961
132.8678759,11.87152403,6.05E+17,215.6401391,31.96429891,1.1772,12.675028,0.755156
132.8126591,11.82252648,6.05E+17,215.6659476,31.89471889,1.1166,14.000402,0.789631
132.8762954,11.85615798,6.05E+17,215.6606531,31.96535889,1.1632,14.720037,0.940474
133.038036,11.61622427,6.05E+17,215.9957577,32.00850838,1.1008,16.712688,1.63711
132.6584887,11.74039282,6.05E+17,215.6793465,31.72327242,1.1574,16.03558,1.257632
132.7989822,11.83384794,6.05E+17,215.6472401,31.88729717,1.0828,15.124174,1.205401
132.9371502,11.64970362,6.05E+17,215.9109909,31.93291718,1.1419,13.423425,0.742526
132.8125093,11.81465583,6.05E+17,215.6742947,31.89129203,1.2248,17.11439,1.724995
132.8754965,11.73051201,6.05E+17,215.7947203,31.91203337,1.0969,13.004078,0.762342
132.8861195,11.84191728,6.05E+17,215.6806408,31.96813583,1.0679,15.524561,1.090313
132.8116888,11.81664146,6.05E+17,215.6717748,31.89139366,1.0379,15.179534,1.023035
132.8743639,11.85831072,6.05E+17,215.6574164,31.96454203,1.1134,13.190423,0.66344
133.1607657,12.09119337,6.05E+17,215.54552,32.31632611,1.1582,17.32404,1.723875
132.9185207,11.77717264,6.05E+17,215.7656018,31.96983401,1.1322,13.708972,0.763717
132.958071,11.82532035,6.05E+17,215.733161,32.02515203,1.1361,12.487432,0.780687
132.8511644,12.21103574,6.05E+17,215.2680344,32.09085171,1.1126,15.929307,1.216611
132.8926445,11.76486718,6.05E+17,215.7662613,31.94167686,1.0323,14.723096,1.073576
132.8939439,11.81856296,6.05E+17,215.7094211,31.96531902,1.0974,15.209842,1.217448
132.8625021,11.86459459,6.05E+17,215.6449671,31.95662462,1.1111,10.930614,0.123696
132.8848695,11.779348,6.05E+17,215.7470087,31.9408325,1.0788,14.420352,0.903763
132.9113629,11.71037827,6.05E+17,215.8336089,31.93546906,1.1082,13.99135,0.787506
132.8660767,11.86281411,6.05E+17,215.6485973,31.95905796,1.1061,14.435721,0.998219
132.8903025,11.77114241,6.05E+17,215.7584147,31.94222438,1.18,17.517017,1.766724
132.7729032,11.87558678,6.05E+17,215.5900195,31.88156522,1.1086,15.428937,1.256706
132.9527251,11.79321241,6.05E+17,215.764966,32.00695704,1.0675,14.608337,0.959754
132.6432356,11.66574418,6.05E+17,215.7516345,31.67840703,1.1468,12.49022,0.779068
132.8583331,11.80758357,6.05E+17,215.7039775,31.92906721,1.1334,17.327868,1.731762
132.6748914,11.61460269,6.05E+17,215.8214762,31.68506859,1.1437,12.510035,0.878526
132.731915,11.59318254,6.05E+17,215.8719181,31.72675023,1.1539,13.234456,0.745487
132.9915114,11.72738026,6.05E+17,215.8542234,32.01384028,1.1909,17.17527,1.93193
132.9282622,11.99194385,6.05E+17,215.5401829,32.06826326,1.0982,13.906324,0.797777
132.857624,11.81266815,6.05E+17,215.6981943,31.93056527,1.0641,15.867075,1.264331
132.7880513,11.95008761,6.05E+17,215.5175716,31.92614513,1.0723,14.404068,0.859802
132.8788444,12.18029999,6.05E+17,215.3142995,32.10270655,1.1559,16.418911,1.408524
132.6833615,11.71373641,6.05E+17,215.7198029,31.73420908,1.1428,15.477629,1.088804
132.9136633,11.7265268,6.05E+17,215.8174478,31.94428742,1.2551,16.150543,1.286074
132.8334432,11.85045963,6.05E+17,215.646084,31.9248809,1.1204,14.160103,0.835221
132.8889369,11.7665797,6.05E+17,215.7626367,31.9390988,1.1962,14.993261,1.005701
132.921739,11.9080628,6.05E+17,215.6269703,32.02745294,1.1898,12.658959,0.746413
132.6244322,12.13526813,6.05E+17,215.2407976,31.85776675,1.2021,12.442162,0.790368
133.1572437,11.7254163,6.05E+17,215.9366802,32.16031886,1.0926,15.727973,1.271746
132.9310369,11.81449201,6.05E+17,215.7316965,31.99658824,1.1706,15.502292,1.112699
132.8680454,11.78040118,6.05E+17,215.7377527,31.92631838,1.1551,14.746078,1.117566
132.9245172,11.82711988,6.05E+17,215.7150242,31.99607815,1.1299,14.779092,0.932754
132.876636,11.83494719,6.05E+17,215.6835259,31.95678935,1.1897,15.454885,1.308026
132.8290064,11.96971985,6.05E+17,215.5162446,31.9707484,1.1514,12.051344,1.159555
132.8338089,11.8397827,6.05E+17,215.6576866,31.92074025,1.1546,13.815327,0.769978
132.8494675,12.18409482,6.05E+17,215.2961504,32.07815969,0.9885,17.32751,1.734081
132.9703202,11.73548283,6.05E+17,215.8352875,31.99840298,1.1198,15.444747,1.07101
132.7400367,11.92073728,6.05E+17,215.5258916,31.87120567,1.1194,13.250557,0.748209
132.7839546,11.82905221,6.05E+17,215.6451235,31.87193155,1.0745,15.336047,1.032397
132.9958413,11.69698884,6.05E+17,215.8888544,32.00493699,1.2182,14.562347,0.898795
132.9360052,11.69750549,6.05E+17,215.8593107,31.95197068,1.1331,13.083998,0.74126
133.0788974,11.63225702,6.05E+17,215.9984473,32.05156319,1.1009,15.919052,1.211911
132.8748756,11.77338468,6.05E+17,215.7485599,31.92945066,1.2309,17.15606,1.636551
132.8415825,11.72919389,6.05E+17,215.7797298,31.88133512,1.1016,16.33221,1.35564
132.9587839,11.75008321,6.05E+17,215.814074,31.99427065,1.0386,13.641925,0.783343
133.0252273,12.02934109,6.05E+17,215.5467302,32.17006151,1.0944,15.692036,1.163146
132.9863857,11.78182712,6.05E+17,215.7934385,32.03210845,1.136,16.228561,1.479131
132.9748927,11.7242468,6.05E+17,215.849529,31.99775477,1.1475,15.946616,1.256167
132.959197,11.74917968,6.05E+17,215.8152412,31.99425909,1.1206,13.349278,0.801212
133.0261706,11.64473423,6.05E+17,215.9594895,32.0099475,1.0674,13.304484,0.753572
132.9979632,11.91799712,6.05E+17,215.6530845,32.09936593,1.122,10.205662,1.243664
132.8478826,11.81828437,6.05E+17,215.6874824,31.92425624,1.1134,15.941956,1.2139
132.7597223,11.81485335,6.05E+17,215.6486226,31.84444817,1.0626,16.023914,1.282393
132.915187,11.70783774,6.05E+17,215.8381776,31.93780227,1.0608,16.273355,1.326313
132.9703608,11.77660726,6.05E+17,215.7912766,32.01567727,1.1262,15.629979,1.349224
132.9200228,11.81820991,6.05E+17,215.7223945,31.98835379,1.1059,13.669246,0.760282
132.7496629,11.94432419,6.05E+17,215.5052797,31.8896095,1.1063,15.44746,1.094733
132.8625673,12.23574221,6.05E+17,215.246955,32.11124162,1.1633,17.3714,1.746387
132.908561,12.0234346,6.05E+17,215.4969264,32.06387458,1.1617,12.848541,0.787413
132.917663,12.14758515,6.05E+17,215.3680453,32.12363327,1.2237,16.788742,1.576224
133.0176554,11.5635404,6.05E+17,216.0422054,31.96823141,1.2875,17.655626,1.844402
132.8965213,11.86096413,6.05E+17,215.6652646,31.98534909,1.1336,15.104297,1.002271
133.034104,12.26289668,6.05E+17,215.2999012,32.27504058,1.1117,14.056765,0.821427
132.9141674,12.01587079,6.05E+17,215.5077364,32.06570694,1.0866,14.447429,0.868397
133.0136657,11.71126082,6.05E+17,215.8822149,32.02676892,1.1628,15.085811,1.003286
132.8469394,11.80736234,6.05E+17,215.6987137,31.91884619,1.1116,14.060972,1.079499
132.90765,11.84918012,6.05E+17,215.6832553,31.99031378,1.0644,13.319842,0.757766
132.6180053,11.70271795,6.05E+17,215.7000175,31.67149083,1.1718,12.796132,0.703762
132.8319861,11.82752954,6.05E+17,215.6699189,31.91399359,1.0534,15.452657,1.060617
132.6686461,11.7032038,6.05E+17,215.7239403,31.71671119,1.1086,13.921552,0.777794
132.8209517,11.84623668,6.05E+17,215.6445794,31.91200988,1.1762,10.844748,1.2488
132.8454269,11.81372107,6.05E+17,215.69118,31.92016334,1.1292,12.562178,0.74167
132.8503127,11.80607829,6.05E+17,215.701716,31.92130735,1.1693,12.692939,0.751384
132.8260434,11.83879437,6.05E+17,215.6549987,31.91342342,1.1288,14.141336,0.856721
132.7028572,12.00252783,6.05E+17,215.420494,31.87226618,1.1078,12.644999,0.73344
132.8273347,11.83730696,6.05E+17,215.6572131,31.91394919,1.1511,15.285766,1.26521
132.9433505,11.77407451,6.05E+17,215.7809242,31.9906071,1.1233,13.261796,0.741982
132.6963164,11.71521728,6.05E+17,215.7244765,31.74634612,1.1517,14.018824,0.798079
133.0704431,11.81670915,6.05E+17,215.7967273,32.12143476,1.1361,16.683546,1.827368
132.7211042,11.66728439,6.05E+17,215.7876181,31.74827064,1.1099,13.534366,0.754086
132.590014,11.68205379,6.05E+17,215.7085482,31.63794067,1.1309,13.555707,0.74526
132.9058099,11.83479438,6.05E+17,215.6977723,31.98265982,1.1781,12.449357,0.769184
132.9475395,11.78601423,6.05E+17,215.7701665,31.9993326,1.161,14.127201,0.984432
132.6982879,11.75634829,6.05E+17,215.6815094,31.76533789,1.1261,13.783259,0.758701
132.893701,11.7304018,6.05E+17,215.803644,31.92816874,1.1318,14.432956,0.859774
133.11647,11.86677751,6.05E+17,215.7652846,32.18330116,1.0059,17.300966,1.726543
132.8681254,12.12738182,6.05E+17,215.3659728,32.07118729,1.1515,12.467062,0.603829
133.0142449,11.71055833,6.05E+17,215.8832478,32.02698891,1.2115,16.10478,1.279036
133.0064655,12.06505217,6.05E+17,215.4993474,32.16825729,1.1521,14.063401,0.823608
132.6985449,11.74761401,6.05E+17,215.690961,31.7619068,1.1103,12.591162,0.666417
132.7467739,11.94356215,6.05E+17,215.5047061,31.88672292,1.2333,13.098723,0.768361
132.737727,11.94741436,6.05E+17,215.4962336,31.88028685,1.1242,14.792496,0.933216
133.0474345,11.67556752,6.05E+17,215.9368048,32.04179863,1.1344,14.086739,0.804423
132.940273,11.89846538,6.05E+17,215.6461942,32.03991968,1.0496,16.403593,1.658295
132.9281121,11.91103375,6.05E+17,215.6268591,32.03435976,1.0198,16.921421,1.566296
132.6899427,11.92656937,6.05E+17,215.4955644,31.82910239,1.152,15.576284,1.141092
132.8927825,11.8288387,6.05E+17,215.6978595,31.96858701,1.1814,12.729687,0.711073
133.180093,11.88725456,6.05E+17,215.7740772,32.24841951,1.213,17.022732,1.627951
132.8082102,11.95949544,6.05E+17,215.5171934,31.94799345,1.0901,15.031465,0.970642
132.8552431,11.80376228,6.05E+17,215.7065745,31.92472065,1.2125,13.999181,0.908578
132.8663721,12.15187948,6.05E+17,215.3388366,32.0798103,1.0123,16.181854,1.325795
132.8325527,12.20581191,6.05E+17,215.2647341,32.07213342,1.2469,17.559652,2.011568
133.2220879,11.71016004,6.05E+17,215.9845292,32.21154571,1.211,17.189444,1.66296
132.9619372,11.86903097,6.05E+17,215.6881943,32.04687488,1.1662,15.630089,1.150363
132.897471,11.96569736,6.05E+17,215.5535033,32.02994011,1.1499,12.619714,0.926146
133.2048513,12.0284646,6.05E+17,215.6342565,32.32938737,0.9881,17.903158,2.248819
132.9177785,12.0735608,6.05E+17,215.4475741,32.09294701,1.1001,15.228243,1.028736
133.0241469,11.70685138,6.05E+17,215.8920162,32.03423429,1.1729,13.57451,0.792351
132.9948309,12.03210885,6.05E+17,215.5291247,32.14419043,1.1489,15.38443,1.064621
132.9655513,12.07967015,6.05E+17,215.4639744,32.13796603,1.1629,13.322962,0.757421
132.8839487,11.77415967,6.05E+17,215.7521153,31.93784051,1.2125,15.999719,1.418523
132.8745575,11.7880054,6.05E+17,215.7327626,31.93529208,1.2286,9.229046,1.496323
132.9699845,12.07193349,6.05E+17,215.474413,32.138687,1.1589,12.55057,0.772816
132.8706702,11.79526094,6.05E+17,215.7231211,31.934875,1.1451,15.436394,1.234685
132.9815605,11.81060378,6.05E+17,215.7602795,32.03987167,1.0982,13.746282,0.861219
132.7717936,11.82613316,6.05E+17,215.6423818,31.85989926,1.1849,13.6247,0.762462
133.0545956,12.02714878,6.05E+17,215.563229,32.19525792,1.1398,16.306772,1.614349
132.972119,11.93808134,6.05E+17,215.6190791,32.08477826,1.1393,14.327913,0.996823
133.072016,12.11822429,6.05E+17,215.473734,32.24866821,1.0992,15.06953,0.997632
133.150085,11.93065784,6.05E+17,215.7129475,32.23988533,1.2425,16.282661,1.394916
132.9855296,11.80347005,6.05E+17,215.769841,32.04041274,1.1744,13.828678,0.779742
132.8635239,11.80275779,6.05E+17,215.7116478,31.93166128,1.2025,17.047369,1.878357
132.9949288,11.80411165,6.05E+17,215.7736989,32.04903631,1.1606,15.344032,1.069618
132.7025492,12.06147225,6.05E+17,215.3572348,31.89654173,1.0901,13.510602,0.734783
133.2343314,11.814968,6.05E+17,215.8779809,32.26637678,1.1194,12.28908,1.172074
132.8870166,12.1359927,6.05E+17,215.3657914,32.09156469,1.2136,15.61001,1.130294
133.2184539,11.84766175,6.05E+17,215.8351738,32.26595347,1.165,15.033169,1.022723
133.0463977,11.72906061,6.05E+17,215.8790163,32.06332926,1.1133,16.751217,
132.748811,11.66458304,6.05E+17,215.8038982,31.77176459,1.1741,12.948181,0.728326
132.677034,11.6637198,6.05E+17,215.7701221,31.70760082,1.1428,13.294988,0.750668
132.9155943,12.09772631,6.05E+17,215.4205867,32.10106157,1.1018,15.504081,1.13894
133.0114554,11.7677355,6.05E+17,215.8206643,32.04848728,1.1477,13.046064,0.753264
132.8515055,11.83068526,6.05E+17,215.6759601,31.93266609,1.1741,14.901928,0.962849
132.9722508,11.80578771,6.05E+17,215.7609377,32.02957965,1.1949,12.59493,0.745549
132.7415245,12.30891572,6.05E+17,215.1105249,32.0339199,1.1181,12.476316,0.798833
133.0599541,11.70147483,6.05E+17,215.9151356,32.0638029,1.1754,17.627457,1.802757
132.8040523,11.95024504,6.05E+17,215.5251002,31.94043697,1.1813,14.297556,0.854892
132.861769,11.70651997,6.05E+17,215.8137342,31.88976861,1.2037,17.57331,1.847855
132.6606666,11.77678714,6.05E+17,215.6415412,31.74045399,1.1071,15.241211,1.040733
132.7796539,12.22199897,6.05E+17,215.2220475,32.03180874,1.1263,15.218163,1.022705
132.8767102,11.78376458,6.05E+17,215.7383404,31.9354295,1.1769,17.212433,1.636393
132.9623798,11.796222,6.05E+17,215.7664109,32.01679956,1.1445,15.503181,1.468126
133.0647489,11.66575201,6.05E+17,215.9557165,32.05306429,1.1542,15.706697,1.288229
132.9193849,11.86854494,6.05E+17,215.6681768,32.00884412,1.0809,16.32725,1.604832
132.6106368,11.90900526,6.05E+17,215.4762301,31.7512588,1.1722,17.919878,2.051004
133.1298678,11.96040129,6.05E+17,215.6712311,32.23433385,1.0212,15.924999,1.23991
132.9100077,11.69170254,6.05E+17,215.8529273,31.92642793,1.236,16.131369,1.395457
133.1383842,11.9498386,6.05E+17,215.6866906,32.2374947,1.0862,14.365097,0.85829
132.9126647,11.79871263,6.05E+17,215.7397143,31.97365038,1.13,13.568491,0.836121
132.8101277,11.75093328,6.05E+17,215.7412868,31.86248785,1.0617,12.694057,0.705073
132.8780966,12.07112098,6.05E+17,215.4311295,32.05664878,1.1314,14.549,0.886212
132.8348766,12.13341687,6.05E+17,215.343552,32.04413149,1.2191,15.716453,1.164132
132.8171043,12.18148891,6.05E+17,215.2834484,32.04829919,1.1966,16.686005,1.488682
132.9526164,11.82100229,6.05E+17,215.7351507,32.01849595,1.0836,10.866076,0.281142
132.8398021,11.76838212,6.05E+17,215.7369648,31.89617742,1.1694,11.145099,1.233597
133.0538819,11.82955688,6.05E+17,215.7749392,32.1120924,1.1777,16.589897,1.474859
132.7321308,11.88211281,6.05E+17,215.5634062,31.84804411,1.1171,14.845777,0.948749
132.8462344,12.13162215,6.05E+17,215.3509235,32.05348482,1.0745,14.854834,0.942574
132.7883473,11.88728149,6.05E+17,215.5849446,31.90018268,1.1626,17.097479,1.67025
132.6694471,11.89981786,6.05E+17,215.5143165,31.79971034,1.2429,16.796925,1.576729
133.0693328,11.7083207,6.05E+17,215.9123516,32.0750118,1.2119,13.363217,0.736237
132.7491496,11.85350299,6.05E+17,215.6021993,31.85121596,1.1301,14.659254,0.907852
132.6913546,11.68288853,6.05E+17,215.7565874,31.72837505,1.1521,17.813278,1.966371
133.2821407,11.80357554,6.05E+17,215.9134074,32.3040968,1.1662,13.536585,0.738379
132.7346445,11.85812332,6.05E+17,215.5902716,31.84025231,1.0969,13.971825,0.796327
132.9789372,11.88499112,6.05E+17,215.679294,32.0686599,1.1171,15.538965,1.117398
132.702116,12.01504535,6.05E+17,215.4067387,31.87682311,1.2018,14.894416,0.973298
132.5811442,12.19210724,6.05E+17,215.1592388,31.84287276,1.0497,17.659672,1.835947
133.0447156,11.73495121,6.05E+17,215.8718913,32.06430498,1.2656,10.639482,0.144085
133.0816269,11.98317188,6.05E+17,215.6234934,32.20095111,1.1787,17.766846,1.862148
132.5553032,11.76567285,6.05E+17,215.6026415,31.64213109,1.2562,17.377705,1.758516
132.9948411,11.83402908,6.05E+17,215.7415991,32.0614825,1.156,14.157154,0.877802
132.669919,11.79616308,6.05E+17,215.6253078,31.75679112,1.1511,12.713299,0.71413
132.667885,11.68149357,6.05E+17,215.7467391,31.70692735,1.0947,17.251038,1.709776
133.0212313,11.77260876,6.05E+17,215.820176,32.05921901,1.1353,14.607944,0.94658
133.1104258,11.62758588,6.05E+17,216.0187684,32.07761888,1.1226,15.501415,1.189604
132.8362207,11.8087388,6.05E+17,215.692067,31.90989396,1.2356,17.841454,2.025101
132.7214723,11.79282023,6.05E+17,215.6537293,31.80122241,1.0641,13.162651,0.773945
132.7305052,11.69437907,6.05E+17,215.7632376,31.76799716,1.2804,17.250662,1.660341
132.8066519,11.84391022,6.05E+17,215.6401736,31.89832445,1.0918,12.157651,0.845821
133.0671788,12.05285574,6.05E+17,215.5416708,32.21715661,1.1104,17.788563,1.94133
133.1644395,11.8215557,6.05E+17,215.8370368,32.20701376,1.1177,17.153498,1.947267
133.0351575,11.80290804,6.05E+17,215.7944484,32.08429098,1.147,14.55384,0.896756
133.1879259,11.78767702,6.05E+17,215.8847777,32.21369711,1.2061,16.38934,1.517938
133.0392386,11.64659077,6.05E+17,215.9638458,32.02234174,1.1672,14.880321,0.960774
133.0680678,11.73701397,6.05E+17,215.8809987,32.08592588,1.2623,16.264894,1.385308
132.7223022,11.81593364,6.05E+17,215.6294285,31.81163393,1.1205,14.982956,0.969621
132.7459407,11.81597637,6.05E+17,215.6407773,31.83266642,1.1231,13.422345,0.751159
133.0056137,12.18613908,6.05E+17,215.3688123,32.21785488,1.1659,13.531173,0.757115
132.7621709,11.55705861,6.05E+17,215.9251097,31.73844783,1.0971,15.630422,1.12296
132.9055694,12.05540109,6.05E+17,215.4611943,32.07453087,1.1556,13.573339,0.750215
132.8795911,11.73281185,6.05E+17,215.794241,31.91663735,1.055,17.057434,1.603195
132.826122,11.69155814,6.05E+17,215.8124804,31.8518057,1.1894,15.661114,1.142484
133.0400154,11.77949836,6.05E+17,215.8218872,32.07880239,1.1862,13.897225,0.776718
132.6727312,11.87518517,6.05E+17,215.542228,31.79233977,1.0152,17.233482,1.724825
132.8505426,11.8074076,6.05E+17,215.7004047,31.92206821,1.1741,16.624977,1.377679
132.8336964,12.30288413,6.05E+17,215.1610098,32.11339362,1.1359,8.852647,1.645023
133.0778148,11.72349618,6.05E+17,215.9002073,32.08891853,1.1098,12.549433,0.749397
132.8687912,11.7594033,6.05E+17,215.7605765,31.918184,1.0454,15.507193,1.239408
133.0472359,11.76053642,6.05E+17,215.8457019,32.07727324,1.1357,12.706972,0.984848
132.701706,11.99634979,6.05E+17,215.4265542,31.8686677,1.1776,15.231743,1.064267
132.6772367,11.87422468,6.05E+17,215.5454224,31.79594403,1.1177,16.446144,1.388045
132.836641,11.75068113,6.05E+17,215.7543668,31.88595025,1.0955,12.960491,0.788569
133.1849972,11.81746824,6.05E+17,215.8513837,32.22357459,1.1113,15.645077,1.433172
133.0089343,11.81897985,6.05E+17,215.7645399,32.06771099,1.1555,13.231344,0.754112
132.4490599,11.98070306,6.05E+17,215.3221477,31.63749864,1.1482,13.220027,0.742049
132.653045,11.78542676,6.05E+17,215.6286425,31.73729573,1.1934,15.271276,1.034686
133.041621,11.79020568,6.05E+17,215.8111899,32.08471563,1.124,16.968306,1.622421
132.9837714,11.83743967,6.05E+17,215.7325947,32.05306965,1.1562,12.662888,1.16004
132.8851427,11.7978718,6.05E+17,215.7273177,31.9488333,1.1861,12.491977,0.802059
133.1936757,11.81605257,6.05E+17,215.8571089,32.23069542,1.0871,14.438444,1.012957
132.6584005,11.91129975,6.05E+17,215.4967306,31.79468362,1.103,14.569958,0.921145
132.8990294,11.89297373,6.05E+17,215.632188,32.00095956,1.2187,12.017052,1.171599
133.0658685,11.77553642,6.05E+17,215.8386514,32.10012172,1.2321,14.804375,0.93405
132.8663665,11.66747357,6.05E+17,215.8576978,31.87746727,1.0292,17.38113,1.743725
133.1384936,11.65586364,6.05E+17,216.0021207,32.11444892,1.1937,15.844326,1.186314
132.563541,12.08500252,6.05E+17,215.2654729,31.78272291,1.0085,16.627062,1.464454
132.9169409,11.87870559,6.05E+17,215.6561125,32.01091926,1.1483,13.663238,0.768351
132.6534168,11.80021076,6.05E+17,215.6130339,31.74381466,1.1389,14.468365,1.020433
132.8238523,11.78185697,6.05E+17,215.7148503,31.88764358,1.2794,15.458614,1.308665
133.1602951,11.89893702,6.05E+17,215.7519536,32.23570548,1.1563,13.52113,0.74935
132.6620267,11.7821144,6.05E+17,215.6365081,31.74389365,1.1843,15.194692,1.153529
132.6412928,11.77423351,6.05E+17,215.6349302,31.72216144,1.1208,12.736842,0.715589
132.7265973,11.94139724,6.05E+17,215.4973221,31.86788056,1.0581,12.646653,0.733676
132.8008937,11.80964391,6.05E+17,215.6740512,31.87886846,1.1371,13.767747,0.76473
132.7334699,12.15799822,6.05E+17,215.2686094,31.96417225,1.1298,13.216851,0.71789
132.8091048,11.78714221,6.05E+17,215.7020781,31.87674732,1.2468,17.844805,1.909683
133.029731,11.82372741,6.05E+17,215.7695083,32.08818458,1.1939,13.276716,0.748284
132.5340645,12.1161322,6.05E+17,215.2180739,31.76945313,1.0902,16.586246,1.432942
132.9274401,11.93472811,6.05E+17,215.6011378,32.04365797,1.1627,15.679191,1.168164
132.6932642,11.87131796,6.05E+17,215.5562421,31.80897874,1.1336,14.784078,1.040706
132.9002657,11.79639075,6.05E+17,215.7362088,31.96165632,1.1509,14.31733,0.848801
132.6445176,11.75710496,6.05E+17,215.6547698,31.71785449,1.1722,15.431202,1.072782
132.9126615,11.88477421,6.05E+17,215.6475466,32.00965161,1.0703,15.227877,1.206582
132.6952035,11.8827261,6.05E+17,215.5449787,31.81546999,1.2386,14.601555,0.989797
133.3047772,12.0052772,6.05E+17,215.7074666,32.40854853,1.0508,15.957372,1.2443
132.7814569,11.86569147,6.05E+17,215.6047267,31.8850336,1.1087,14.727281,0.92177
133.2731218,11.9959113,6.05E+17,215.7022478,32.37650095,0.9881,14.872005,1.020076
133.0909455,11.77963223,6.05E+17,215.8464068,32.12412756,1.0905,13.617325,0.753832
132.9957374,11.85393928,6.05E+17,215.7206929,32.07060961,1.1597,14.980604,0.988822
133.1413084,11.69246445,6.05E+17,215.9642684,32.13232482,1.0977,16.009632,1.269947
132.8561217,11.92740465,6.05E+17,215.5746269,31.97719587,1.0319,17.40629,1.731808
132.8839085,11.83433179,6.05E+17,215.6876949,31.96299688,1.0901,12.498256,0.769363
132.8724858,11.90386662,6.05E+17,215.6077238,31.98191332,1.1256,12.699931,0.773162
132.5647812,11.80355938,6.05E+17,215.5667829,31.6664162,1.1536,17.65424,1.862196
132.6576593,11.75985192,6.05E+17,215.6581734,31.73068784,1.1291,16.32383,1.36788
133.2910664,12.00491477,6.05E+17,215.7012302,32.39620914,1.1525,14.01645,0.840741
133.0701153,11.80866766,6.05E+17,215.8051909,32.11777606,1.0702,14.238501,1.163187
132.6985531,11.79793987,6.05E+17,215.6372097,31.78299053,1.0524,13.481637,0.736
132.6868366,11.66896979,6.05E+17,215.7692574,31.71851793,1.2041,16.079527,1.281938
133.0599895,11.77582772,6.05E+17,215.835492,32.09501822,1.1405,15.474755,1.273718
132.7004163,11.91323847,6.05E+17,215.5148578,31.83284897,1.0932,13.964726,0.803929
132.9941091,11.87091048,6.05E+17,215.7017141,32.07626014,1.1083,15.084614,1.012228
132.9720498,11.90541347,6.05E+17,215.6540757,32.07107208,1.1128,14.426371,0.879965
133.1025709,12.04481078,6.05E+17,215.5673635,32.24527046,1.2099,17.19392,1.712383
132.6952406,11.89794873,6.05E+17,215.5287198,31.8218622,1.1129,15.142045,1.009284
133.0479805,11.81238157,6.05E+17,215.7904981,32.09965619,1.2686,17.788301,1.95948
132.6717486,11.9376964,6.05E+17,215.47492,31.81756996,1.1743,15.475778,1.112125
132.9841663,11.89326096,6.05E+17,215.672952,32.07676502,1.1114,14.865786,0.967375
133.0308597,11.83947664,6.05E+17,215.7531708,32.09577963,1.1283,13.094446,0.775748
133.0899714,11.9573547,6.05E+17,215.655245,32.1975951,1.2524,15.287994,1.053854
133.0348601,11.8329091,6.05E+17,215.7621459,32.09658707,1.2229,16.205976,1.325375
133.0821978,11.8729991,6.05E+17,215.7420363,32.1554385,1.2377,15.852796,1.223207
132.6909465,11.9116223,6.05E+17,215.5120326,31.82375471,1.0502,16.309444,1.532775
133.0945446,11.81389488,6.05E+17,215.8114102,32.14167948,1.1378,14.495588,0.881211
133.1606804,11.70759389,6.05E+17,215.9574568,32.15589337,1.1651,16.565517,1.456248
132.9495443,12.20616885,6.05E+17,215.3203898,32.1763143,1.1913,16.770164,1.551621
132.8291882,11.83491929,6.05E+17,215.6606621,31.91459807,1.0113,12.401897,0.778153
132.7990304,11.75613506,6.05E+17,215.7303656,31.85480305,1.1319,10.00784,-0.098594
132.7806098,11.77441072,6.05E+17,215.7019353,31.8460847,1.1212,15.170377,1.015601
132.9268349,11.83108996,6.05E+17,215.7118918,31.9997998,1.0807,12.417857,0.770056
132.6603907,12.12937425,6.05E+17,215.2643126,31.88729401,1.1062,13.030024,0.749216
132.6505121,11.72168142,6.05E+17,215.6954693,31.70833893,1.1151,12.502462,1.108922
133.0928794,11.65030279,6.05E+17,215.9859177,32.071574,0.9827,17.02708,1.628216
132.813886,11.8373103,6.05E+17,215.6507232,31.90199486,1.0888,12.666249,0.740288
132.970268,11.49910925,6.05E+17,216.0880184,31.8989814,1.0445,13.077544,0.741202
133.2034794,12.04664524,6.05E+17,215.6140361,32.33574556,0.9853,14.688107,0.948696
133.0595358,11.84775947,6.05E+17,215.7581542,32.1247359,1.2216,14.045501,0.93464
133.0154193,11.96912172,6.05E+17,215.6066533,32.13622936,1.113,16.327812,1.336299
132.8744606,11.83968236,6.05E+17,215.677407,31.9568366,1.0206,14.196862,0.958674
132.9026966,12.05376475,6.05E+17,215.4615693,32.07129519,1.0887,17.71734,1.835636
132.5940709,12.08627325,6.05E+17,215.2787223,31.81040009,1.1756,13.770156,0.768066
132.8661535,11.92803126,6.05E+17,215.5787872,31.98637612,1.0903,13.173748,0.797038
132.8580266,11.55000952,6.05E+17,215.9791252,31.82067317,1.1305,12.5743,0.74626
132.6899528,11.93425369,6.05E+17,215.4873502,31.83231873,1.0575,17.0026,1.610821
132.9692767,11.51302227,6.05E+17,216.0726741,31.90396356,1.1069,13.603253,0.745656
133.1975929,11.9690622,6.05E+17,215.6946316,32.29815441,1.0909,14.789392,0.931455
132.666214,11.97565616,6.05E+17,215.4316589,31.82848342,1.1895,15.479553,1.098167
133.0891196,11.84494505,6.05E+17,215.7754807,32.14985522,1.101,12.62018,0.75065
132.8007681,11.84251816,6.05E+17,215.638826,31.89251153,1.0889,14.685289,0.980852
132.7800574,11.88386483,6.05E+17,215.5846081,31.89138504,1.0769,12.417061,0.904359
133.2439574,12.03929726,6.05E+17,215.6414734,32.36866815,1.1711,13.963316,0.889761
132.7856524,11.84806039,6.05E+17,215.6256102,31.88139158,1.1134,13.656522,0.7573
132.7833812,11.64055522,6.05E+17,215.846277,31.79240255,1.1499,14.322264,0.841556
132.8234965,11.63612096,6.05E+17,215.8704347,31.82619537,1.0283,17.883371,1.920971
132.579232,12.09732037,6.05E+17,215.2598002,31.80179877,1.2358,16.043463,1.272986
133.072436,11.64135313,6.05E+17,215.9855711,32.04964425,1.1858,16.113855,1.473609
132.6686509,11.62330448,6.05E+17,215.8091786,31.68317769,1.2122,17.91816,1.888864
132.5273421,12.15624768,6.05E+17,215.1719391,31.78014031,1.1947,17.289661,1.733011
132.6124014,11.80868447,6.05E+17,215.5842333,31.71089693,1.1112,13.197391,0.787553
132.9015561,11.94744442,6.05E+17,215.5750362,32.02595483,1.1447,13.839872,0.777309
133.1175719,11.85159693,6.05E+17,215.7821086,32.17792968,1.0227,14.843814,0.956226
132.8084723,11.55848411,6.05E+17,215.9460382,31.78019878,1.1506,13.183811,0.734026
133.0872216,11.65177188,6.05E+17,215.9815967,32.0671631,1.1485,13.064464,0.765934
132.7884293,11.51067429,6.05E+17,215.9873185,31.74225757,1,15.874586,1.40318
132.7066359,11.85451151,6.05E+17,215.5806455,31.81384171,1.1158,15.988009,1.506446
133.2545045,12.01660024,6.05E+17,215.6709909,32.36858126,1.1684,15.332073,1.062807
132.7213835,11.82958121,6.05E+17,215.6143985,31.81652698,1.1078,15.169935,1.010664
132.8662197,11.58257635,6.05E+17,215.9483275,31.84165818,1.1007,14.786615,0.930805
132.9801546,11.59263929,6.05E+17,215.9928722,31.94714914,1.1003,13.902805,0.774008
132.8021746,12.18814056,6.05E+17,215.2691617,32.03778475,1.1437,14.234879,0.84818
132.8691653,11.64208318,6.05E+17,215.8861873,31.86929112,1.1143,14.761775,0.995925
133.1362425,12.10694849,6.05E+17,215.516762,32.30108058,1.1485,12.531939,0.765307
133.1377904,11.75668105,6.05E+17,215.8937186,32.15614337,1.1264,13.562696,0.747823
132.7360495,11.8318414,6.05E+17,215.6190493,31.83051073,1.098,14.493231,0.88143
133.0413892,12.17529314,6.05E+17,215.3976473,32.24516046,1.1255,14.014762,0.805878
132.713306,11.86584915,6.05E+17,215.5717358,31.82451119,1.2279,17.71419,1.868378
132.5719432,11.90773005,6.05E+17,215.4590067,31.71632321,1.0384,15.327659,1.054053
133.2985848,11.89927328,6.05E+17,215.8185229,32.35876974,1.0309,15.386591,1.064067
132.7342186,11.75438304,6.05E+17,215.7009461,31.79645525,1.0245,15.833948,1.436854
132.5678563,11.89666486,6.05E+17,215.4688629,31.70806926,1.0582,12.74142,0.712548
132.9538886,11.80060159,6.05E+17,215.7576154,32.01108575,1.1561,14.343983,0.851751
133.1717501,11.74096385,6.05E+17,215.927047,32.17973459,1.1908,16.402597,1.391202
132.5974192,11.86624624,6.05E+17,215.515558,31.72164644,1.1341,14.483118,1.027888
132.7808724,11.61486234,6.05E+17,215.8724911,31.7793775,1.1341,13.296778,0.735154
132.7437211,11.81219746,6.05E+17,215.6437469,31.82911182,1.0861,15.373173,1.074465
132.7848872,11.78669532,6.05E+17,215.6908669,31.85503188,1.096,12.138829,1.153444
132.7720681,12.03035066,6.05E+17,215.4239243,31.9453972,1.0587,17.05545,1.821157
132.7069301,11.73336628,6.05E+17,215.7102225,31.76338967,1.058,16.102146,1.35471
133.0143749,12.05831513,6.05E+17,215.5103888,32.17248387,1.0628,12.8406,0.730235
132.8456283,11.82030963,6.05E+17,215.6842273,31.92309983,1.1251,13.167254,0.629849
132.9996803,12.08302774,6.05E+17,215.4767763,32.16970816,1.1449,12.659472,0.764529
132.7474509,12.16517986,6.05E+17,215.2676001,31.97958775,1.0837,15.674032,1.263472
132.8244645,11.6272243,6.05E+17,215.8804053,31.82331772,0.9917,17.069462,1.61669
132.8215978,11.71017309,6.05E+17,215.7903987,31.85559401,1.1052,14.370521,0.898021
132.659089,11.75614042,6.05E+17,215.6628252,31.73040414,1.1971,16.787563,1.531145
132.6866134,12.08660742,6.05E+17,215.3226772,31.89283035,1.0305,17.767082,1.908823
132.7178869,11.75098535,6.05E+17,215.6966938,31.78051358,1.1523,14.478691,0.865931
132.6717769,11.63307424,6.05E+17,215.8002709,31.69006021,1.2304,17.882618,2.198498
133.2989407,11.99194738,6.05E+17,215.7189933,32.39779842,1.1474,12.633239,0.732407
132.7080644,11.82020071,6.05E+17,215.6180068,31.80076184,1.2059,12.701582,1.050537
132.5838158,11.90506361,6.05E+17,215.4675573,31.7257661,1.2091,17.769878,1.907589
133.0752572,11.5898115,6.05E+17,216.0421078,32.03047698,1.131,17.536982,1.817066
132.7796734,11.59684019,6.05E+17,215.8911459,31.77073609,1.1602,14.00477,0.780282
132.8210064,11.80743388,6.05E+17,215.68612,31.89582287,1.2615,17.07119,1.693306
132.8704017,11.71909707,6.05E+17,215.804463,31.90271766,1.0534,15.253662,1.06403
132.7000384,11.82819476,6.05E+17,215.6055968,31.79697087,1.1513,14.381816,0.870425
132.8497707,11.58065417,6.05E+17,215.9424017,31.82623038,1.1442,13.874236,0.897902
132.601397,11.8767136,6.05E+17,215.5062899,31.72955678,1.067,15.140642,0.994751
132.57657,11.90666066,6.05E+17,215.462371,31.71999053,1.1521,14.632977,0.899541
133.064349,11.8837391,6.05E+17,215.7218869,32.14406317,1.1737,14.353541,0.850847
132.6387574,11.81725281,6.05E+17,215.5877733,31.73791316,1.1914,14.296124,0.857324
132.5096822,11.75248598,6.05E+17,215.5947383,31.59605038,1.1764,15.982077,1.252747
133.0137207,11.96794318,6.05E+17,215.6070992,32.13422749,1.1567,13.86388,0.791897
133.0926213,11.61301555,6.05E+17,216.0257142,32.05566916,1.2877,16.47591,1.541534
132.8253739,11.71520015,6.05E+17,215.7868518,31.86105907,1.0537,13.145604,0.767042
132.7192432,12.06027048,6.05E+17,215.3665263,31.91088563,1.2216,15.165632,1.01234
133.0016803,11.93527983,6.05E+17,215.6363396,32.10988861,1.0975,14.209217,0.845532
132.7531307,11.88651279,6.05E+17,215.5688091,31.86855252,1.0645,14.620118,0.914456
132.7454195,11.80534569,6.05E+17,215.65189,31.82775416,1.1285,13.649656,0.770412
132.8263522,11.72365346,6.05E+17,215.7782892,31.86547387,1.1108,13.290926,0.755639
132.8266399,11.68448972,6.05E+17,215.8202841,31.84929973,1.0405,16.237581,1.595477
132.9984406,11.8826774,6.05E+17,215.6911903,32.08503043,1.0969,12.683321,0.763253
132.7354798,11.63560403,6.05E+17,215.8283816,31.74774592,1.1729,13.993842,0.793832
132.7653506,11.88491476,6.05E+17,215.5764024,31.87874883,1.1455,17.049788,1.630651
133.1985222,11.95726641,6.05E+17,215.707761,32.29405597,1.0855,14.643472,0.892476
132.5838134,11.81973049,6.05E+17,215.5586816,31.69010202,1.1405,13.460377,0.740879
132.6919997,11.7189597,6.05E+17,215.7183972,31.74407798,1.2073,12.98627,0.752861
132.7222218,11.727779,6.05E+17,215.7235714,31.77464097,1.1598,14.228987,0.907283
132.7618789,11.98276883,6.05E+17,215.4699945,31.91650751,1.211,15.964442,1.228354
132.8753262,11.45874941,6.05E+17,216.0849217,31.79759616,1.109,14.453944,0.862074
133.1261048,11.71400719,6.05E+17,215.9337997,32.1278559,1.0805,13.989511,0.798099
132.8926885,11.84846066,6.05E+17,215.6768049,31.97671262,1.1093,13.569983,0.730249
132.7543626,11.83635183,6.05E+17,215.623052,31.84867784,1.0818,12.555823,0.92621
132.688817,12.0345078,6.05E+17,215.3795229,31.87310498,1.0133,17.364746,1.841938
132.7281467,11.73726407,6.05E+17,215.7163017,31.78388375,1.0772,16.844553,1.579639
132.9140593,11.86267351,6.05E+17,215.6718964,32.00165472,1.1691,11.87749,1.176254
133.0147781,11.68996263,6.05E+17,215.9055552,32.01881866,1.1435,12.58581,0.747308
132.5609948,11.7415499,6.05E+17,215.6311121,31.63708684,1.1247,14.946151,0.975459
132.7516918,11.90133909,6.05E+17,215.5522546,31.87346708,1.1313,16.751854,1.504415
132.74851,11.73556404,6.05E+17,215.7279498,31.80127274,1.1991,14.437025,1.007396
133.0082644,11.99896669,6.05E+17,215.5711722,32.14231823,1.1027,16.179718,1.304351
